지점,지점명,일시,평균기온(°C),최저기온(°C),최고기온(°C)
133,대전,2023-01-01,-.8,-5.2,7
133,대전,2023-01-02,-3,-6.5,2.4
133,대전,2023-01-03,-3.5,-9,3.4
133,대전,2023-01-04,-1.5,-7.1,5.5
133,대전,2023-01-05,-1.1,-5.6,5.6
133,대전,2023-01-06,1.1,-4.1,7.7
133,대전,2023-01-07,2.6,-2.1,6.9
133,대전,2023-01-08,1.2,-4.5,8.6
133,대전,2023-01-09,1.9,-2.2,9.6
133,대전,2023-01-10,1.2,-5.4,10.4
133,대전,2023-01-11,2.2,-4,11.3
133,대전,2023-01-12,5.1,-3.5,15.6
133,대전,2023-01-13,9,5.1,12.8
133,대전,2023-01-14,7.3,5.6,9
133,대전,2023-01-15,.4,-3.2,5.8
133,대전,2023-01-16,-3.1,-6.3,1.2
133,대전,2023-01-17,-2.4,-6.9,2.8
133,대전,2023-01-18,-.8,-3.6,4
133,대전,2023-01-19,.6,-5.1,6.1
133,대전,2023-01-20,-1,-6.7,3.8
133,대전,2023-01-21,-3.3,-8.9,2.7
133,대전,2023-01-22,-.5,-3.9,3.8
133,대전,2023-01-23,.6,-3.8,8.4
133,대전,2023-01-24,-10.9,-14.5,-2.9
133,대전,2023-01-25,-11.4,-17.7,-4.7
133,대전,2023-01-26,-5.8,-11.2,-3.1
133,대전,2023-01-27,-6,-9.3,-2.1
133,대전,2023-01-28,-5.8,-11.9,.4
133,대전,2023-01-29,-1.1,-8.5,5.3
133,대전,2023-01-30,-.4,-5,5.5
133,대전,2023-01-31,2.3,-6.7,10.5
133,대전,2023-02-01,3.1,-3.3,8.3
133,대전,2023-02-02,-1.5,-4.9,4
133,대전,2023-02-03,-.8,-3.9,5.6
133,대전,2023-02-04,-.6,-6.4,6.6
133,대전,2023-02-05,.7,-6.1,8.6
133,대전,2023-02-06,2.1,-4.9,10.9
133,대전,2023-02-07,2.9,-3,11.2
133,대전,2023-02-08,1.8,-3.7,9.8
133,대전,2023-02-09,3.5,-4.3,11.7
133,대전,2023-02-10,2.9,-.4,7.5
133,대전,2023-02-11,.9,-2.5,5.6
133,대전,2023-02-12,1.9,-2.3,5.2
133,대전,2023-02-13,6.3,3.5,10.3
133,대전,2023-02-14,2.4,-1.7,8.6
133,대전,2023-02-15,3.4,-1.6,8.3
133,대전,2023-02-16,2.7,-1.2,6.7
133,대전,2023-02-17,4.2,-2.2,11.6
133,대전,2023-02-18,6.4,4.6,9
133,대전,2023-02-19,3.6,-1.1,8.3
133,대전,2023-02-20,-.1,-3.8,5.8
133,대전,2023-02-21,-1.1,-6.2,5.1
133,대전,2023-02-22,2.1,-6.3,9.4
133,대전,2023-02-23,3.4,-2.7,10.1
133,대전,2023-02-24,2.9,-1.5,10.6
133,대전,2023-02-25,.7,-3.1,7
133,대전,2023-02-26,1.9,-5.8,11
133,대전,2023-02-27,4.4,-4.4,14.7
133,대전,2023-02-28,5.8,-3.1,13.9
133,대전,2023-03-01,6.6,2.1,11.6
133,대전,2023-03-02,2.3,-1.6,7.7
133,대전,2023-03-03,4.2,-4.1,13.3
133,대전,2023-03-04,6.4,-.5,14.2
133,대전,2023-03-05,7.9,-.6,17.2
133,대전,2023-03-06,8.3,-.5,17.5
133,대전,2023-03-07,11.9,3.4,21.1
133,대전,2023-03-08,14.5,7.8,21.2
133,대전,2023-03-09,13.9,9.1,20.2
133,대전,2023-03-10,14.3,4.2,24.2
133,대전,2023-03-11,16.4,7.5,25.1
133,대전,2023-03-12,6.8,.3,14.4
133,대전,2023-03-13,3.5,-2.3,9.7
133,대전,2023-03-14,9.4,-.1,18.1
133,대전,2023-03-15,11.5,3.2,19.6
133,대전,2023-03-16,6.1,.9,12.3
133,대전,2023-03-17,7.3,2.1,12.4
133,대전,2023-03-18,9.3,4.9,16.6
133,대전,2023-03-19,8.7,.3,17.1
133,대전,2023-03-20,10.6,1.8,19.6
133,대전,2023-03-21,14,3.7,23.8
133,대전,2023-03-22,17,6.9,25.8
133,대전,2023-03-23,15,11.9,20.8
133,대전,2023-03-24,12.4,7,18.1
133,대전,2023-03-25,10.8,9.1,13.1
133,대전,2023-03-26,9.7,4.2,16.8
133,대전,2023-03-27,7.4,-.3,15.5
133,대전,2023-03-28,8.7,.6,16.9
133,대전,2023-03-29,11.8,1.8,21.5
133,대전,2023-03-30,14.2,4.4,23.1
133,대전,2023-03-31,14.7,4.9,24
133,대전,2023-04-01,16.8,6.4,26
133,대전,2023-04-02,16.9,9.6,22.8
133,대전,2023-04-03,16.8,8.7,23.3
133,대전,2023-04-04,15.2,11.1,22.3
133,대전,2023-04-05,12.1,7.9,16
133,대전,2023-04-06,8.7,7.1,10.1
133,대전,2023-04-07,9,3.2,15.9
133,대전,2023-04-08,8.6,1.7,16
133,대전,2023-04-09,10.1,2,18.6
133,대전,2023-04-10,12.6,2.5,21.3
133,대전,2023-04-11,14.7,10.2,20.8
133,대전,2023-04-12,10.9,4,18.1
133,대전,2023-04-13,13.5,3.1,23.2
133,대전,2023-04-14,15.1,7.1,22
133,대전,2023-04-15,12.5,8.2,15.4
133,대전,2023-04-16,10.9,6.9,17
133,대전,2023-04-17,13.6,4.8,20.8
133,대전,2023-04-18,13.8,12.4,15.5
133,대전,2023-04-19,20.2,13.2,28
133,대전,2023-04-20,19.9,15.1,25.7
133,대전,2023-04-21,17.5,13,23.2
133,대전,2023-04-22,16.2,11,21.5
133,대전,2023-04-23,15.9,11.4,21.3
133,대전,2023-04-24,15,11.4,19.8
133,대전,2023-04-25,9.3,7.9,11.5
133,대전,2023-04-26,9.5,5.1,16.3
133,대전,2023-04-27,12.7,2.5,22.6
133,대전,2023-04-28,16.2,5.8,23.7
133,대전,2023-04-29,14,8.9,18.3
133,대전,2023-04-30,13.5,7.1,19.8
133,대전,2023-05-01,14.7,9.3,21.4
133,대전,2023-05-02,17,6.7,26
133,대전,2023-05-03,19.1,12,26.2
133,대전,2023-05-04,20.1,14.9,27.3
133,대전,2023-05-05,19,16.3,20.8
133,대전,2023-05-06,15.1,12.1,19.7
133,대전,2023-05-07,12,7.7,15.7
133,대전,2023-05-08,13.7,5.1,22.8
133,대전,2023-05-09,16.5,7.2,25.4
133,대전,2023-05-10,17.3,9.4,25.8
133,대전,2023-05-11,18.9,10.1,27.2
133,대전,2023-05-12,18.5,11.7,25.3
133,대전,2023-05-13,18.2,12.7,24.6
133,대전,2023-05-14,17.8,9.8,25.9
133,대전,2023-05-15,20.5,10.5,28.7
133,대전,2023-05-16,23.5,14.8,31.1
133,대전,2023-05-17,23.6,15.6,31.4
133,대전,2023-05-18,19.2,17.9,22.1
133,대전,2023-05-19,20.8,16.1,25.7
133,대전,2023-05-20,20.6,14.5,27.9
133,대전,2023-05-21,18.3,15.5,23.9
133,대전,2023-05-22,17.5,13.7,22.5
133,대전,2023-05-23,18.5,11.7,25.4
133,대전,2023-05-24,19.9,12.4,27.1
133,대전,2023-05-25,21.3,15.3,27.6
133,대전,2023-05-26,21.8,16.2,26.8
133,대전,2023-05-27,20.8,18.9,23.1
133,대전,2023-05-28,20.2,18.5,21.3
133,대전,2023-05-29,20.4,18.4,22.6
133,대전,2023-05-30,21.6,16.5,26.5
133,대전,2023-05-31,22.3,16.5,28.3
133,대전,2023-06-01,22.4,17.5,28
133,대전,2023-06-02,21.9,18.1,27.2
133,대전,2023-06-03,21.9,15.6,28.1
133,대전,2023-06-04,22.6,17.1,28.7
133,대전,2023-06-05,21.5,17.5,26.7
133,대전,2023-06-06,21.4,15.6,28.4
133,대전,2023-06-07,21.7,16.6,26.4
133,대전,2023-06-08,22.3,18.5,28.4
133,대전,2023-06-09,23.2,18.4,29.2
133,대전,2023-06-10,23.3,18.8,31.7
133,대전,2023-06-11,23.5,17.5,30
133,대전,2023-06-12,23.3,17.6,29.9
133,대전,2023-06-13,22.8,18.7,28.7
133,대전,2023-06-14,22.6,17.2,28.6
133,대전,2023-06-15,22.3,16.6,28.5
133,대전,2023-06-16,24.4,17,31.9
133,대전,2023-06-17,25,18.8,32.5
133,대전,2023-06-18,26.1,19.6,33.1
133,대전,2023-06-19,27,19.8,33.5
133,대전,2023-06-20,23.7,20.2,27.7
133,대전,2023-06-21,21.3,19.5,24.4
133,대전,2023-06-22,22.9,19.1,28.4
133,대전,2023-06-23,25.7,20.2,31.8
133,대전,2023-06-24,27.1,22.1,33.5
133,대전,2023-06-25,26.7,21.3,32.8
133,대전,2023-06-26,23.8,20.8,26.1
133,대전,2023-06-27,26.1,22,31.4
133,대전,2023-06-28,24.1,19.5,27.1
133,대전,2023-06-29,24.6,23.2,25.8
133,대전,2023-06-30,24.2,22.9,26.1
133,대전,2023-07-01,27.3,23,33.1
133,대전,2023-07-02,27.5,23.3,31.3
133,대전,2023-07-03,28.4,24,33.4
133,대전,2023-07-04,24.7,22.9,26.9
133,대전,2023-07-05,24.3,22,28.7
133,대전,2023-07-06,26.4,20.8,32.4
133,대전,2023-07-07,21.6,18.8,26.3
133,대전,2023-07-08,23.9,18.8,29.3
133,대전,2023-07-09,26.4,22.8,30.2
133,대전,2023-07-10,26.5,21.3,31.5
133,대전,2023-07-11,23.6,22.1,26
133,대전,2023-07-12,26.7,23.5,31
133,대전,2023-07-13,25.2,23.9,26.4
133,대전,2023-07-14,24.2,23.2,24.9
133,대전,2023-07-15,23.2,21.3,25
133,대전,2023-07-16,24.3,21.6,28.5
133,대전,2023-07-17,25.4,23.1,31.4
133,대전,2023-07-18,23,22,24.3
133,대전,2023-07-19,26,22,31.7
133,대전,2023-07-20,26.8,22.3,31.6
133,대전,2023-07-21,27.6,23.6,34.2
133,대전,2023-07-22,25.3,23.5,30
133,대전,2023-07-23,24.8,23.7,27
133,대전,2023-07-24,26.1,23.8,30.1
133,대전,2023-07-25,25.1,22.7,29.1
133,대전,2023-07-26,25.9,22.6,32.7
133,대전,2023-07-27,27.5,22.6,33.6
133,대전,2023-07-28,28.4,23.4,33.7
133,대전,2023-07-29,29.5,24.6,35
133,대전,2023-07-30,27.4,23.2,33.9
133,대전,2023-07-31,27.8,23.7,32.2
133,대전,2023-08-01,29.5,24.8,34.6
133,대전,2023-08-02,29.1,25.3,33.8
133,대전,2023-08-03,29.2,23.7,34.4
133,대전,2023-08-04,29.6,25.2,34.8
133,대전,2023-08-05,30,25.9,35.3
133,대전,2023-08-06,29.5,24.8,35.7
133,대전,2023-08-07,29.7,24.9,35.4
133,대전,2023-08-08,30.1,25.9,34.9
133,대전,2023-08-09,26.4,23,29.6
133,대전,2023-08-10,21.3,20.6,23.2
133,대전,2023-08-11,25.3,21,30
133,대전,2023-08-12,24.2,19.2,28.8
133,대전,2023-08-13,26.8,22.5,32
133,대전,2023-08-14,28.1,23.8,33.6
133,대전,2023-08-15,28.1,24.3,33.1
133,대전,2023-08-16,27.7,24.8,32.7
133,대전,2023-08-17,26.1,22.4,31.5
133,대전,2023-08-18,28.3,23.9,33
133,대전,2023-08-19,28.2,24.1,33.4
133,대전,2023-08-20,28.1,24.6,33.3
133,대전,2023-08-21,29.2,25,34.1
133,대전,2023-08-22,27.6,23.9,33.7
133,대전,2023-08-23,26.7,23.9,32.6
133,대전,2023-08-24,25.5,23.1,30.3
133,대전,2023-08-25,26.2,22.7,31.2
133,대전,2023-08-26,25,20.4,31
133,대전,2023-08-27,26.2,21.6,31.3
133,대전,2023-08-28,26.1,23.6,29
133,대전,2023-08-29,24.8,21.6,28
133,대전,2023-08-30,21.1,19.8,22.7
133,대전,2023-08-31,22.5,19.8,27.1
133,대전,2023-09-01,23.1,18.2,29.4
133,대전,2023-09-02,24.6,17.9,31.3
133,대전,2023-09-03,27,22.3,32.5
133,대전,2023-09-04,27.4,24,31.5
133,대전,2023-09-05,26.9,23.8,31.2
133,대전,2023-09-06,26,21,31.3
133,대전,2023-09-07,25,19.8,30.1
133,대전,2023-09-08,23.3,17.6,29.4
133,대전,2023-09-09,24.1,17.7,31
133,대전,2023-09-10,24.9,19.4,31.4
133,대전,2023-09-11,25.2,21.3,30.6
133,대전,2023-09-12,24.5,20.9,29.5
133,대전,2023-09-13,21,18.9,23.2
133,대전,2023-09-14,22.1,19.2,26.1
133,대전,2023-09-15,21.9,20.7,24.2
133,대전,2023-09-16,22.5,21,26.5
133,대전,2023-09-17,24.4,21.3,28.6
133,대전,2023-09-18,24.5,21.3,30.1
133,대전,2023-09-19,23.6,20.1,28.3
133,대전,2023-09-20,20.9,19.2,22.9
133,대전,2023-09-21,18.4,16.2,21.5
133,대전,2023-09-22,18.6,14.9,24.9
133,대전,2023-09-23,19.5,14.3,25.4
133,대전,2023-09-24,21.1,16.2,25.4
133,대전,2023-09-25,21.4,18,26.9
133,대전,2023-09-26,20.4,19,22.2
133,대전,2023-09-27,21.5,20.4,23.9
133,대전,2023-09-28,22.2,18.3,27
133,대전,2023-09-29,20.2,17.5,24.9
133,대전,2023-09-30,18.6,14.2,24
133,대전,2023-10-01,17.8,13.4,23.3
133,대전,2023-10-02,16.7,10.9,23.6
133,대전,2023-10-03,15.2,11.1,20.8
133,대전,2023-10-04,17.8,10.9,24.1
133,대전,2023-10-05,14.5,11.3,19.7
133,대전,2023-10-06,15,9.3,21.2
133,대전,2023-10-07,15.7,10.6,20.4
133,대전,2023-10-08,17.2,14.8,21.3
133,대전,2023-10-09,17.3,12.9,22.2
133,대전,2023-10-10,16.5,12,22.4
133,대전,2023-10-11,16.6,11.1,23.8
133,대전,2023-10-12,16.1,9.8,23.8
133,대전,2023-10-13,16.4,12,22.9
133,대전,2023-10-14,15.3,10.8,21.7
133,대전,2023-10-15,15.1,10.5,21.1
133,대전,2023-10-16,14.7,8.9,20.7
133,대전,2023-10-17,13.3,6.1,21.4
133,대전,2023-10-18,14.8,7.5,23.5
133,대전,2023-10-19,15.2,12,19.5
133,대전,2023-10-20,11.8,7.4,16.2
133,대전,2023-10-21,10.6,3.9,18.2
133,대전,2023-10-22,11.8,4.7,19.4
133,대전,2023-10-23,13.7,8.1,21.3
133,대전,2023-10-24,14,8.3,20.6
133,대전,2023-10-25,15.7,10.4,22.8
133,대전,2023-10-26,16.6,11.2,22.4
133,대전,2023-10-27,14.3,10.6,18.9
133,대전,2023-10-28,13.3,7.9,20.4
133,대전,2023-10-29,13.3,7,21.4
133,대전,2023-10-30,14.1,8,22
133,대전,2023-10-31,14.8,9.8,23
133,대전,2023-11-01,18.1,11.7,24.1
133,대전,2023-11-02,19.6,13.9,26.3
133,대전,2023-11-03,19.3,13.9,24.1
133,대전,2023-11-04,18.8,17.1,21.8
133,대전,2023-11-05,19.3,16.4,25.8
133,대전,2023-11-06,15.5,9.9,20
133,대전,2023-11-07,8.3,3.8,13.3
133,대전,2023-11-08,8.4,1.4,18.3
133,대전,2023-11-09,11.5,4.1,18
133,대전,2023-11-10,5.7,.8,11
133,대전,2023-11-11,1.7,-1.3,6.1
133,대전,2023-11-12,1.7,-1.5,5.9
133,대전,2023-11-13,2.4,-2.7,9.2
133,대전,2023-11-14,5.5,-1,12.3
133,대전,2023-11-15,7,2.1,13.2
133,대전,2023-11-16,5.3,3.2,7
133,대전,2023-11-17,2.5,-1.3,7.1
133,대전,2023-11-18,1.6,-3.5,7.6
133,대전,2023-11-19,7.8,1,13.2
133,대전,2023-11-20,6,.1,13.8
133,대전,2023-11-21,6.2,-1.4,16.2
133,대전,2023-11-22,7.9,0,15.4
133,대전,2023-11-23,12.8,6.2,18.1
133,대전,2023-11-24,1.2,-2.8,6.2
133,대전,2023-11-25,-1.2,-5.7,5
133,대전,2023-11-26,4.2,-2.6,9.5
133,대전,2023-11-27,7,4.6,11.7
133,대전,2023-11-28,3.4,-.6,7.2
133,대전,2023-11-29,2.4,-1.1,6.8
133,대전,2023-11-30,-2.1,-6.4,2.1
133,대전,2023-12-01,-1.7,-5.9,3.8
133,대전,2023-12-02,2.8,-4,8.4
133,대전,2023-12-03,2.7,-1.9,8.5
133,대전,2023-12-04,2.3,-4.2,9.8
133,대전,2023-12-05,3.6,-1.8,12
133,대전,2023-12-06,6,-.5,12.8
133,대전,2023-12-07,6.3,1,11.7
133,대전,2023-12-08,10.6,.6,19.2
133,대전,2023-12-09,13.3,8.6,19.8
133,대전,2023-12-10,13.9,9.1,19.4
133,대전,2023-12-11,11.9,9.3,13.8
133,대전,2023-12-12,7.6,5.8,10.5
133,대전,2023-12-13,9.5,6.3,13.6
133,대전,2023-12-14,9.6,8.8,10.8
133,대전,2023-12-15,8.9,5.7,12.6
133,대전,2023-12-16,-1.8,-7.2,5.6
133,대전,2023-12-17,-8.5,-11.9,-4.4
133,대전,2023-12-18,-5.6,-10.2,-1.8
133,대전,2023-12-19,-2.5,-6.8,1.1
133,대전,2023-12-20,-5.5,-9.9,-1.6
133,대전,2023-12-21,-9.7,-12.3,-5.4
133,대전,2023-12-22,-9.5,-13.7,-4.6
133,대전,2023-12-23,-5.6,-11.7,.4
133,대전,2023-12-24,-1.5,-4.3,3.2
133,대전,2023-12-25,-.4,-3.3,4.5
133,대전,2023-12-26,2.2,-1.6,8.2
133,대전,2023-12-27,2.6,-1.1,9.6
133,대전,2023-12-28,1.2,-3.1,6.8
133,대전,2023-12-29,1.9,-1.1,7.7
133,대전,2023-12-30,.8,-3,3.3
133,대전,2023-12-31,3.8,2.7,5.6
133,대전,2024-01-01,3.8,-.2,9
133,대전,2024-01-02,4,1.5,6.4
133,대전,2024-01-03,1.9,-1.2,5.9
133,대전,2024-01-04,1,-3.7,7.2
133,대전,2024-01-05,5.6,.6,9.2
133,대전,2024-01-06,1.4,-2.7,6.8
133,대전,2024-01-07,-2.2,-6,1.9
133,대전,2024-01-08,-3.8,-8.9,2.5
133,대전,2024-01-09,.8,-3.9,6.9
133,대전,2024-01-10,-1.3,-4.2,.4
133,대전,2024-01-11,.6,-4.7,4
133,대전,2024-01-12,2.9,-1.5,8.8
133,대전,2024-01-13,.4,-4.5,6.9
133,대전,2024-01-14,1.2,-4.6,9.4
133,대전,2024-01-15,-2.1,-6,3.7
133,대전,2024-01-16,-1.9,-7.2,5
133,대전,2024-01-17,.8,-2.9,2.8
133,대전,2024-01-18,4.3,2.6,6.5
133,대전,2024-01-19,5.9,4.5,9.3
133,대전,2024-01-20,4.4,2.1,6
133,대전,2024-01-21,2.7,-.2,9
133,대전,2024-01-22,-5.4,-8.8,-.2
133,대전,2024-01-23,-9.2,-12.3,-6
133,대전,2024-01-24,-6.9,-11.6,-2.6
133,대전,2024-01-25,-4.3,-9.9,2.4
133,대전,2024-01-26,-1.9,-7.1,3.9
133,대전,2024-01-27,.1,-4.4,6.1
133,대전,2024-01-28,-.3,-4,4.5
133,대전,2024-01-29,-1,-5.8,5.2
133,대전,2024-01-30,1.3,-5.4,10.2
133,대전,2024-01-31,5.9,.1,13
133,대전,2024-02-01,4,2.4,6.2
133,대전,2024-02-02,4.1,.4,9.5
133,대전,2024-02-03,4.6,-.3,9.6
133,대전,2024-02-04,6.2,3.5,10.3
133,대전,2024-02-05,4.1,1.6,6.1
133,대전,2024-02-06,1.7,-.2,4.2
133,대전,2024-02-07,.3,-2,5.2
133,대전,2024-02-08,.6,-4.1,6.8
133,대전,2024-02-09,1.2,-4,7.4
133,대전,2024-02-10,1.3,-3.7,7.7
133,대전,2024-02-11,.8,-4.1,7.3
133,대전,2024-02-12,3.6,-3.7,12.2
133,대전,2024-02-13,8.4,.1,16.3
133,대전,2024-02-14,13.2,9,19
133,대전,2024-02-15,5.9,-.3,13.3
133,대전,2024-02-16,3.1,-2,10.1
133,대전,2024-02-17,5.5,-2.1,14.5
133,대전,2024-02-18,5.5,-.7,9.8
133,대전,2024-02-19,9.8,5.1,13.5
133,대전,2024-02-20,5.3,3.3,7.1
133,대전,2024-02-21,4,2.8,5.6
133,대전,2024-02-22,2.1,1.1,3.6
133,대전,2024-02-23,3,.7,6.8
133,대전,2024-02-24,2.9,.2,7.2
133,대전,2024-02-25,2.3,0,4.7
133,대전,2024-02-26,3.7,-2,9.4
133,대전,2024-02-27,5.3,1.4,10.6
133,대전,2024-02-28,6.3,2.4,11.8
133,대전,2024-02-29,5.1,2.4,7
133,대전,2024-03-01,-2.2,-5.8,2.5
133,대전,2024-03-02,-.9,-7.9,4.3
133,대전,2024-03-03,5.3,1.2,10.8
133,대전,2024-03-04,6.7,-.3,13.1
133,대전,2024-03-05,5.9,4.6,8.1
133,대전,2024-03-06,7,2,12.2
133,대전,2024-03-07,4.6,.6,8.6
133,대전,2024-03-08,2.9,-.7,8.7
133,대전,2024-03-09,2.3,-3.2,9.1
133,대전,2024-03-10,4.6,-3.2,13
133,대전,2024-03-11,6.4,-.4,12
133,대전,2024-03-12,5.6,2.7,10.6
133,대전,2024-03-13,6.6,.2,13.3
133,대전,2024-03-14,8.4,1.8,16.5
133,대전,2024-03-15,9.5,.7,18.5
133,대전,2024-03-16,11.4,1.8,21.4
133,대전,2024-03-17,9.7,3.9,14.2
133,대전,2024-03-18,7.9,.1,15.6
133,대전,2024-03-19,7.2,4.2,12.4
133,대전,2024-03-20,4.6,1.1,9.6
133,대전,2024-03-21,5.2,-1.6,11.7
133,대전,2024-03-22,10.1,2.3,18.2
133,대전,2024-03-23,14.9,10.1,21.3
133,대전,2024-03-24,14.1,10.7,19.4
133,대전,2024-03-25,9.4,6.6,13.4
133,대전,2024-03-26,6.7,3.3,11.7
133,대전,2024-03-27,10.2,2.2,17.7
133,대전,2024-03-28,9,8.3,10.3
133,대전,2024-03-29,9.3,5.8,13.8
133,대전,2024-03-30,10,1.8,16.5
133,대전,2024-03-31,10.9,2.3,18.8
133,대전,2024-04-01,13.1,3.7,22.1
133,대전,2024-04-02,16.1,5.9,26.1
133,대전,2024-04-03,13.2,12.1,14.2
133,대전,2024-04-04,13.4,11.5,16.9
133,대전,2024-04-05,13.3,9.9,19.2
133,대전,2024-04-06,13.2,7.7,20.2
133,대전,2024-04-07,15.9,7.1,24.7
133,대전,2024-04-08,16.5,8.4,23.7
133,대전,2024-04-09,15.3,9.2,21.4
133,대전,2024-04-10,14.5,9.2,20.6
133,대전,2024-04-11,16.1,11.1,23.2
133,대전,2024-04-12,17.5,10,25.5
133,대전,2024-04-13,19.3,10.3,28.4
133,대전,2024-04-14,20.3,11.2,29.3
133,대전,2024-04-15,16.2,12.5,19.6
133,대전,2024-04-16,14.3,11.6,20.6
133,대전,2024-04-17,15.6,9,23
133,대전,2024-04-18,17.3,8.7,26.1
133,대전,2024-04-19,18.2,9,26.4
133,대전,2024-04-20,14.1,13.2,16.4
133,대전,2024-04-21,16.2,13.7,18.1
133,대전,2024-04-22,17.4,14.2,23
133,대전,2024-04-23,16.4,10.6,23
133,대전,2024-04-24,13.8,10.9,17.8
133,대전,2024-04-25,15.6,9.6,23.3
133,대전,2024-04-26,17.8,9.9,27.2
133,대전,2024-04-27,18.7,10.7,27.6
133,대전,2024-04-28,19.9,9.5,29.4
133,대전,2024-04-29,17.2,15.5,19.2
133,대전,2024-04-30,16.6,13.3,20.8
133,대전,2024-05-01,16.5,11.8,21.6
133,대전,2024-05-02,17,9.6,24.8
133,대전,2024-05-03,18.4,8.8,27.5
133,대전,2024-05-04,21.1,10.9,28.9
133,대전,2024-05-05,18.1,16.8,21.7
133,대전,2024-05-06,14.4,13.3,16.8
133,대전,2024-05-07,12.9,10.7,16.3
133,대전,2024-05-08,14.4,9.7,20.1
133,대전,2024-05-09,15.6,8.1,22.8
133,대전,2024-05-10,17.9,9.6,25.4
133,대전,2024-05-11,18.9,12.6,25.3
133,대전,2024-05-12,16.6,11.3,22.8
133,대전,2024-05-13,17.6,9.3,25.6
133,대전,2024-05-14,18.5,10.1,25.8
133,대전,2024-05-15,13.7,8.1,23.1
133,대전,2024-05-16,14.2,7,20.7
133,대전,2024-05-17,19.2,13.5,25.6
133,대전,2024-05-18,20.4,12.1,27.6
133,대전,2024-05-19,21.6,14.2,29.3
133,대전,2024-05-20,19.3,13,25.4
133,대전,2024-05-21,20.5,15.5,26.5
133,대전,2024-05-22,21.5,15.2,28.1
133,대전,2024-05-23,22.2,15.7,29.4
133,대전,2024-05-24,21.2,14.3,28.1
133,대전,2024-05-25,19.4,17.3,22.3
133,대전,2024-05-26,20.4,14.3,27
133,대전,2024-05-27,18.5,13.7,23.2
133,대전,2024-05-28,18.8,12.1,25.2
133,대전,2024-05-29,20.9,12.7,28.4
133,대전,2024-05-30,21.1,16.1,25.6
133,대전,2024-05-31,21.4,16.3,27.4
133,대전,2024-06-01,20,16.6,25.3
133,대전,2024-06-02,20.1,13.9,27.1
133,대전,2024-06-03,20.8,13.5,27.5
133,대전,2024-06-04,21.6,15.3,28
133,대전,2024-06-05,22.5,16.3,28.9
133,대전,2024-06-06,22.8,17.5,29.3
133,대전,2024-06-07,22.8,16,28.9
133,대전,2024-06-08,20.5,17.4,26.1
133,대전,2024-06-09,23.9,18.8,30.2
133,대전,2024-06-10,24.7,17.3,31.5
133,대전,2024-06-11,25.8,21.5,32.2
133,대전,2024-06-12,25.3,18.3,33.4
133,대전,2024-06-13,25.9,17.7,33.8
133,대전,2024-06-14,26.6,20.1,33.1
133,대전,2024-06-15,24.3,21.5,29
133,대전,2024-06-16,24.4,19.1,30.2
133,대전,2024-06-17,23.4,17.3,29
133,대전,2024-06-18,25.4,16.5,34.1
133,대전,2024-06-19,27.5,19.2,36.6
133,대전,2024-06-20,25.7,20,32.5
133,대전,2024-06-21,26.4,18.7,33.2
133,대전,2024-06-22,23.5,22.4,25.3
133,대전,2024-06-23,24.2,22.1,28.1
133,대전,2024-06-24,25.3,20.3,30
133,대전,2024-06-25,22.9,18.1,28.5
133,대전,2024-06-26,24.3,17.8,30.6
133,대전,2024-06-27,23.7,19.2,28.4
133,대전,2024-06-28,25.7,18.3,32.3
133,대전,2024-06-29,25.3,22,30.2
133,대전,2024-06-30,24.2,22.3,26.2
133,대전,2024-07-01,26.2,21.5,31.9
133,대전,2024-07-02,24,20.8,26.5
133,대전,2024-07-03,25.7,23.1,29.9
133,대전,2024-07-04,28.1,23.3,32.2
133,대전,2024-07-05,25.8,23.2,29.2
133,대전,2024-07-06,27.5,23.5,31.4
133,대전,2024-07-07,25.5,22.5,27.6
133,대전,2024-07-08,23.9,22.3,25.9
133,대전,2024-07-09,23.1,22,24.3
133,대전,2024-07-10,23.4,21.1,26.8
133,대전,2024-07-11,24.4,22.1,27.1
133,대전,2024-07-12,26,22.3,31.4
133,대전,2024-07-13,26.3,22.7,31.1
133,대전,2024-07-14,26.2,23.5,29.9
133,대전,2024-07-15,26.6,23.7,31.2
133,대전,2024-07-16,24.6,22,27.3
133,대전,2024-07-17,26.7,22.2,29.8
133,대전,2024-07-18,25.9,23.8,27.6
133,대전,2024-07-19,25.1,23.2,28.6
133,대전,2024-07-20,26,22.6,31.3
133,대전,2024-07-21,27.8,24.9,31.9
133,대전,2024-07-22,28.9,26,31.7
133,대전,2024-07-23,27.2,26.1,28.5
133,대전,2024-07-24,28.6,25.3,33.4
133,대전,2024-07-25,28.1,24.7,34.7
133,대전,2024-07-26,28.4,25.1,34
133,대전,2024-07-27,28.2,26,32.4
133,대전,2024-07-28,29.7,25.8,34.1
133,대전,2024-07-29,28.6,26.4,32.2
133,대전,2024-07-30,28.7,26.3,32.8
133,대전,2024-07-31,29.5,26.1,34.3
133,대전,2024-08-01,30,26.9,34.2
133,대전,2024-08-02,30.3,27.3,34.3
133,대전,2024-08-03,30.7,27.4,35.6
133,대전,2024-08-04,29.1,26.2,35.5
133,대전,2024-08-05,27.4,24,34.3
133,대전,2024-08-06,28.6,23.4,33.9
133,대전,2024-08-07,28.9,25.4,34.6
133,대전,2024-08-08,27.3,25.4,29.6
133,대전,2024-08-09,28.4,24.6,33.9
133,대전,2024-08-10,28.7,24.6,33.8
133,대전,2024-08-11,29.6,25.2,34
133,대전,2024-08-12,30.5,26,35.6
133,대전,2024-08-13,29.2,24.9,35
133,대전,2024-08-14,29.5,24.6,34.6
133,대전,2024-08-15,29.5,25.6,34.1
133,대전,2024-08-16,29.7,25.5,34.2
133,대전,2024-08-17,29.5,25.7,34.7
133,대전,2024-08-18,29.5,25.9,35
133,대전,2024-08-19,29.9,25.2,34.8
133,대전,2024-08-20,29.7,27.1,35.1
133,대전,2024-08-21,28.6,26.5,31.5
133,대전,2024-08-22,28.5,25.8,33
133,대전,2024-08-23,28.3,24.1,32.8
133,대전,2024-08-24,28.1,25.4,32.9
133,대전,2024-08-25,28,24.4,32.8
133,대전,2024-08-26,27.9,24.7,32.2
133,대전,2024-08-27,26.3,24,28.3
133,대전,2024-08-28,27,22.1,31
133,대전,2024-08-29,27,22.9,32.4
133,대전,2024-08-30,27.3,22.3,33.6
133,대전,2024-08-31,26.6,22,32.2
133,대전,2024-09-01,26.9,23.3,32.4
133,대전,2024-09-02,24.8,21.9,27.4
133,대전,2024-09-03,27.1,23.1,32
133,대전,2024-09-04,26.8,21.6,33.3
133,대전,2024-09-05,27.2,22.9,32.4
133,대전,2024-09-06,25.6,23.6,29.1
133,대전,2024-09-07,26.6,23.4,31.5
133,대전,2024-09-08,27.6,22.8,34.3
133,대전,2024-09-09,29,24.2,34.9
133,대전,2024-09-10,29.5,24.8,36
133,대전,2024-09-11,28.1,25.2,35.3
133,대전,2024-09-12,26.5,24.9,30.9
133,대전,2024-09-13,28,24.2,33.4
133,대전,2024-09-14,28.8,25.3,34.6
133,대전,2024-09-15,29.3,25.1,34.5
133,대전,2024-09-16,28,24.9,32.1
133,대전,2024-09-17,29.7,25,35.7
133,대전,2024-09-18,28.2,24.4,33.6
133,대전,2024-09-19,28.5,23.9,34
133,대전,2024-09-20,25.5,24.2,27.6
133,대전,2024-09-21,21.4,19.5,25.4
133,대전,2024-09-22,21.3,16.9,26.7
133,대전,2024-09-23,21,17.3,25.8
133,대전,2024-09-24,20.9,15.4,27.2
133,대전,2024-09-25,23.2,18.4,28.5
133,대전,2024-09-26,24.1,20.6,29.4
133,대전,2024-09-27,23,19.7,28.6
133,대전,2024-09-28,22.7,18.7,28.1
133,대전,2024-09-29,22.8,18.7,27.8
133,대전,2024-09-30,21,15.4,27.9
133,대전,2024-10-01,17,12.9,21.9
133,대전,2024-10-02,14.9,10.8,21.2
133,대전,2024-10-03,12.9,10,15.5
133,대전,2024-10-04,16.2,11.2,24
133,대전,2024-10-05,17.2,11,23.9
133,대전,2024-10-06,16.6,13.8,19.1
133,대전,2024-10-07,17,13.7,20.5
133,대전,2024-10-08,16.7,13.3,22.7
133,대전,2024-10-09,18.5,12.6,24.8
133,대전,2024-10-10,17.7,13.6,23.8
133,대전,2024-10-11,17.6,12.5,24.2
133,대전,2024-10-12,17.2,12,24.5
133,대전,2024-10-13,17.7,10.9,24.4
133,대전,2024-10-14,17.7,16.3,19.4
133,대전,2024-10-15,18.3,16.8,20.1
133,대전,2024-10-16,18.9,15.9,24.5
133,대전,2024-10-17,19.1,15.2,25.3
133,대전,2024-10-18,20,17.5,23
133,대전,2024-10-19,17.6,13.2,22.9
133,대전,2024-10-20,13.3,9.8,18
133,대전,2024-10-21,13.9,8.5,18.9
133,대전,2024-10-22,16.6,14.8,18.6
133,대전,2024-10-23,13.7,9.1,18.6
133,대전,2024-10-24,12,6.4,19.2
133,대전,2024-10-25,14.5,7.2,22.2
133,대전,2024-10-26,17.2,10.5,24.2
133,대전,2024-10-27,15.2,12.6,18.1
133,대전,2024-10-28,14.8,12.1,17.5
133,대전,2024-10-29,14.9,11.8,20.5
133,대전,2024-10-30,14.7,9.7,21.6
133,대전,2024-10-31,14.5,8.9,23.5
133,대전,2024-11-01,13.3,11.4,15.4
133,대전,2024-11-02,16.9,13.3,23.6
133,대전,2024-11-03,16.2,10.8,23.7
133,대전,2024-11-04,14.5,9.2,21.8
133,대전,2024-11-05,9.8,5.3,15.7
133,대전,2024-11-06,7.3,2.3,14.2
133,대전,2024-11-07,7.7,.6,16.8
133,대전,2024-11-08,10.5,3.4,19.6
133,대전,2024-11-09,12.4,6.7,19.9
133,대전,2024-11-10,13.3,9.4,21
133,대전,2024-11-11,13.3,6.9,21.6
133,대전,2024-11-12,13.7,9.1,20.6
133,대전,2024-11-13,13.1,6,21.8
133,대전,2024-11-14,13.8,9.3,20.1
133,대전,2024-11-15,14.8,12,20.2
133,대전,2024-11-16,16.8,11.2,23.7
133,대전,2024-11-17,9.1,2.9,15.4
133,대전,2024-11-18,2.6,-.7,8.1
133,대전,2024-11-19,5.4,-2,13.8
133,대전,2024-11-20,6.7,.3,12.7
133,대전,2024-11-21,9.8,4.4,14.4
133,대전,2024-11-22,7.2,2.2,12.8
133,대전,2024-11-23,5.3,-.4,13.2
133,대전,2024-11-24,6.6,.5,14.9
133,대전,2024-11-25,9.7,1.3,17.2
133,대전,2024-11-26,7.6,4.1,11.2
133,대전,2024-11-27,2.3,0,6
133,대전,2024-11-28,3.2,.3,9
133,대전,2024-11-29,2.2,-1.1,5.2
133,대전,2024-11-30,5.3,-.7,9.9
133,대전,2024-12-01,7.6,2.4,13
133,대전,2024-12-02,8.3,2.9,15.9
133,대전,2024-12-03,2.1,-1.1,7.1
133,대전,2024-12-04,3.6,.6,8.7
133,대전,2024-12-05,4.5,0,9.9
133,대전,2024-12-06,4,.9,8.6
133,대전,2024-12-07,1.4,-2.6,5.5
133,대전,2024-12-08,.5,-2.9,5.8
133,대전,2024-12-09,2,-4.2,7.8
133,대전,2024-12-10,3.9,.8,9.1
133,대전,2024-12-11,2.5,-.4,8.2
133,대전,2024-12-12,1.2,-3.4,6.9
133,대전,2024-12-13,.6,-1.4,3.9
133,대전,2024-12-14,.5,-3.7,4.9
133,대전,2024-12-15,1.7,-.3,4.9
133,대전,2024-12-16,2.7,-1.7,7.9
133,대전,2024-12-17,1.6,-2,7
133,대전,2024-12-18,-2,-5.3,2.8
133,대전,2024-12-19,-1.9,-7.5,4.9
133,대전,2024-12-20,.7,-3.8,4.5
133,대전,2024-12-21,.6,-2.9,3.6
133,대전,2024-12-22,-2.5,-6.8,2.9
133,대전,2024-12-23,-.4,-6.2,5.8
133,대전,2024-12-24,.6,-4,6.9
133,대전,2024-12-25,2.5,-2.5,6.8
133,대전,2024-12-26,2.4,-1.5,6.2
133,대전,2024-12-27,-1.4,-5.1,2.2
133,대전,2024-12-28,-2,-6.1,.9
133,대전,2024-12-29,2.1,-2.8,6.9
133,대전,2024-12-30,6.7,.7,11.3
133,대전,2024-12-31,2.3,-2.1,7
